Age,DailyRate,DistanceFromHome,Education,EnvironmentSatisfaction,HourlyRate,JobInvolvement,JobLevel,JobSatisfaction,MonthlyIncome,MonthlyRate,NumCompaniesWorked,OverTime,PercentSalaryHike,PerformanceRating,RelationshipSatisfaction,StockOptionLevel,TotalWorkingYears,TrainingTimesLastYear,WorkLifeBalance,YearsAtCompany,YearsInCurrentRole,YearsSinceLastPromotion,YearsWithCurrManager,index1,BusinessTravel_Non-Travel,BusinessTravel_Travel_Frequently,BusinessTravel_Travel_Rarely,Department_Human Resources,Department_Research & Development,Department_Sales,EducationField_Human Resources,EducationField_Life Sciences,EducationField_Marketing,EducationField_Medical,EducationField_Other,EducationField_Technical Degree,Gender_Female,Gender_Male,JobRole_Healthcare Representative,JobRole_Human Resources,JobRole_Laboratory Technician,JobRole_Manager,JobRole_Manufacturing Director,JobRole_Research Director,JobRole_Research Scientist,JobRole_Sales Executive,JobRole_Sales Representative,MaritalStatus_Divorced,MaritalStatus_Married,MaritalStatus_Single,Attrition
41,1102,1,2,2,94,3,2,4,5993,19479,8,1,11,0,1,0,8,0,1,6,4,0,5,0,0,0,1,0,0,1,0,1,0,0,0,0,1,0,0,0,0,0,0,0,0,1,0,0,0,1,0
49,279,8,1,3,61,2,2,2,5130,24907,1,0,23,1,4,1,10,3,3,10,7,1,7,1,0,1,0,0,1,0,0,1,0,0,0,0,0,1,0,0,0,0,0,0,1,0,0,0,1,0,0
27,591,2,1,1,40,3,1,2,3468,16632,9,0,12,0,4,1,6,3,3,2,2,2,2,2,0,0,1,0,1,0,0,0,0,1,0,0,0,1,0,0,1,0,0,0,0,0,0,0,1,0,0
32,1005,2,2,4,79,3,1,4,3068,11864,0,0,13,0,3,0,8,2,2,7,7,3,6,3,0,1,0,0,1,0,0,1,0,0,0,0,0,1,0,0,1,0,0,0,0,0,0,0,0,1,0
29,1389,21,4,2,51,4,3,1,9980,10195,1,0,11,0,3,1,10,1,3,10,9,8,8,4,0,0,1,0,1,0,0,1,0,0,0,0,1,0,0,0,0,0,1,0,0,0,0,1,0,0,0
22,1123,16,2,4,96,4,1,4,2935,7324,1,1,13,0,2,2,1,2,2,1,0,0,0,5,1,0,0,0,1,0,0,0,0,1,0,0,0,1,0,0,1,0,0,0,0,0,0,1,0,0,0
46,705,2,4,2,83,3,5,1,18947,22822,3,0,12,0,4,0,22,2,2,2,2,2,1,6,0,0,1,0,0,1,0,0,1,0,0,0,1,0,0,0,0,1,0,0,0,0,0,0,0,1,0
44,1459,10,4,4,41,3,2,4,6465,19121,2,1,13,0,4,0,9,5,4,4,2,1,3,7,0,0,1,0,1,0,0,0,0,0,1,0,0,1,1,0,0,0,0,0,0,0,0,0,1,0,0
24,813,1,3,2,61,3,1,4,2293,3020,2,1,16,0,1,1,6,2,2,2,0,2,0,8,0,0,1,0,1,0,0,0,0,1,0,0,0,1,0,0,0,0,0,0,1,0,0,0,1,0,0
35,890,2,3,4,97,3,1,4,2014,9687,1,0,13,0,1,0,2,3,3,2,2,2,2,9,0,0,1,0,0,1,0,0,1,0,0,0,1,0,0,0,0,0,0,0,0,0,1,0,1,0,0
28,1434,5,4,3,50,3,1,3,3441,11179,1,1,13,0,3,0,2,3,2,2,2,2,2,10,0,0,1,0,1,0,0,0,0,0,0,1,0,1,0,0,1,0,0,0,0,0,0,0,0,1,0
35,1142,23,4,3,30,3,1,1,4014,16002,3,1,15,0,3,1,4,3,3,2,2,2,2,11,0,0,1,0,1,0,0,0,0,1,0,0,1,0,0,0,1,0,0,0,0,0,0,0,1,0,0
31,655,7,4,4,48,3,2,4,5915,9528,3,0,22,1,4,1,10,3,2,7,7,1,7,12,0,0,1,0,1,0,0,1,0,0,0,0,0,1,0,0,1,0,0,0,0,0,0,1,0,0,0
36,1223,8,3,3,59,3,3,3,10096,8202,1,0,13,0,2,3,17,2,3,17,14,12,8,13,0,0,1,0,1,0,0,0,0,0,0,1,1,0,1,0,0,0,0,0,0,0,0,1,0,0,0
36,1195,11,3,2,95,2,2,2,6499,22656,1,0,13,0,3,0,6,3,3,6,5,0,3,14,0,1,0,0,1,0,0,1,0,0,0,0,0,1,0,0,0,0,1,0,0,0,0,0,0,1,0
45,1339,7,3,2,59,3,3,1,9724,18787,2,0,17,0,3,1,25,2,3,1,0,0,0,15,0,0,1,0,1,0,0,1,0,0,0,0,0,1,0,0,0,0,0,0,1,0,0,1,0,0,0
31,746,8,4,3,61,3,2,4,4424,20682,1,0,23,1,4,0,11,2,3,11,7,1,8,16,0,0,1,0,1,0,0,1,0,0,0,0,1,0,0,0,0,0,1,0,0,0,0,0,0,1,0
30,852,1,1,4,55,2,2,4,5126,15998,1,1,12,0,3,2,10,1,2,10,8,3,0,17,0,0,1,0,1,0,0,1,0,0,0,0,0,1,0,0,1,0,0,0,0,0,0,0,1,0,0
34,1153,1,2,1,94,3,2,2,4325,17736,1,0,15,0,3,0,5,2,3,5,2,1,3,18,0,0,1,0,1,0,0,0,0,1,0,0,0,1,0,0,0,0,1,0,0,0,0,0,1,0,0
23,541,2,1,3,62,3,1,1,2322,9518,3,0,13,0,3,1,3,3,3,0,0,0,0,19,0,0,1,0,0,1,0,0,0,0,0,1,0,1,0,0,0,0,0,0,0,0,1,1,0,0,0
51,432,9,4,4,96,3,1,4,2075,18725,3,0,23,1,2,2,10,4,3,4,2,0,3,20,0,0,1,0,1,0,0,1,0,0,0,0,0,1,0,0,1,0,0,0,0,0,0,0,1,0,0
40,530,1,4,3,78,2,4,2,13503,14115,1,0,22,1,4,1,22,3,2,22,3,11,11,21,0,1,0,0,1,0,0,1,0,0,0,0,0,1,1,0,0,0,0,0,0,0,0,0,1,0,0
32,1093,6,4,2,87,3,2,3,5010,24301,1,0,16,0,1,0,12,0,3,11,8,5,7,22,0,0,1,0,0,1,0,0,0,1,0,0,0,1,0,0,0,0,0,0,0,1,0,0,0,1,0
20,871,6,3,4,66,2,1,4,2926,19783,1,1,18,0,2,0,1,5,3,1,0,1,0,23,0,1,0,0,1,0,0,1,0,0,0,0,1,0,0,0,1,0,0,0,0,0,0,0,0,1,0
50,1115,1,3,1,73,3,5,2,18172,9755,3,1,19,0,1,0,28,1,2,8,3,0,7,24,0,1,0,0,1,0,0,1,0,0,0,0,1,0,0,0,0,0,0,1,0,0,0,0,1,0,0
25,240,5,3,3,46,2,2,3,5744,26959,1,1,11,0,4,0,6,1,3,6,4,0,3,25,0,0,1,0,0,1,0,0,1,0,0,0,0,1,0,0,0,0,0,0,0,1,0,0,0,1,0
51,1456,1,4,1,30,2,3,1,7484,25796,3,0,20,1,3,0,23,1,2,13,12,12,8,26,0,1,0,0,1,0,0,0,0,1,0,0,1,0,1,0,0,0,0,0,0,0,0,0,0,1,0
30,1312,23,3,1,96,1,1,3,2613,22310,1,0,25,1,3,3,10,2,2,10,7,0,9,27,0,1,0,0,1,0,0,1,0,0,0,0,0,1,0,0,0,0,0,0,1,0,0,1,0,0,0
56,441,14,4,2,72,3,1,2,4963,4510,9,1,18,0,1,3,7,2,3,5,4,4,3,28,0,0,1,0,1,0,0,1,0,0,0,0,1,0,0,0,0,0,0,0,1,0,0,0,1,0,0
26,841,6,3,3,46,2,1,2,2368,23300,1,0,19,0,3,0,5,3,2,5,4,4,3,29,0,0,1,0,1,0,0,0,0,0,1,0,1,0,0,0,0,0,0,0,1,0,0,0,1,0,0
58,147,23,4,4,94,3,3,4,10312,3465,1,0,12,0,4,1,40,3,2,40,10,15,6,30,0,0,1,0,1,0,0,0,0,1,0,0,1,0,1,0,0,0,0,0,0,0,0,0,1,0,0
19,528,22,1,4,50,3,1,3,1675,26820,1,1,19,0,4,0,0,2,2,0,0,0,0,31,0,0,1,0,0,1,0,0,1,0,0,0,0,1,0,0,0,0,0,0,0,0,1,0,0,1,0
49,470,20,4,3,96,3,2,1,6567,5549,1,0,14,0,3,0,16,2,2,15,11,5,11,32,0,0,1,0,1,0,0,0,0,1,0,0,1,0,0,0,0,0,1,0,0,0,0,0,1,0,0
51,1150,8,4,1,53,1,3,4,10650,25150,2,0,15,0,4,0,18,2,3,4,2,0,3,33,0,1,0,0,1,0,0,1,0,0,0,0,0,1,0,0,0,0,1,0,0,0,0,0,0,1,0
25,959,28,3,1,41,2,2,3,8639,24835,2,0,18,0,4,0,6,3,3,2,2,2,2,34,0,0,1,0,0,1,0,1,0,0,0,0,0,1,0,0,0,0,0,0,0,1,0,0,1,0,0
32,689,9,2,4,35,1,2,4,4668,22812,0,0,17,0,4,3,9,2,4,8,7,0,7,35,0,1,0,0,0,1,0,0,0,1,0,0,0,1,0,0,0,0,0,0,0,1,0,1,0,0,0
30,1427,2,1,2,35,2,1,4,2720,11162,0,0,13,0,4,0,6,3,3,5,3,1,2,36,0,0,1,0,1,0,0,0,0,1,0,0,0,1,0,0,1,0,0,0,0,0,0,0,0,1,0
53,1436,6,2,2,34,3,2,3,2306,16047,2,1,20,1,4,1,13,3,1,7,7,4,5,37,0,0,1,0,0,1,0,0,1,0,0,0,0,1,0,0,0,0,0,0,0,0,1,0,1,0,0
22,1256,19,1,3,80,3,1,4,2323,11992,1,0,24,1,1,2,2,6,3,2,2,2,2,38,0,0,1,0,1,0,0,0,0,1,0,0,0,1,0,0,0,0,0,0,1,0,0,0,1,0,0
28,440,21,3,3,42,3,1,4,2713,6672,1,0,11,0,3,1,5,2,1,5,2,0,2,39,0,0,1,0,1,0,0,0,0,1,0,0,0,1,0,0,0,0,0,0,1,0,0,0,1,0,0
27,1450,3,3,3,79,2,1,3,2566,25326,1,1,15,0,4,1,1,2,2,1,1,0,1,40,1,0,0,0,1,0,0,0,0,1,0,0,0,1,0,0,0,0,0,0,1,0,0,1,0,0,0
50,1452,11,3,3,53,3,5,2,19926,17053,3,0,15,0,2,0,21,5,3,5,4,4,4,41,0,0,1,0,1,0,0,1,0,0,0,0,1,0,0,0,0,1,0,0,0,0,0,0,0,1,0
41,465,14,3,1,56,3,1,3,2451,4609,4,0,12,0,1,1,13,2,3,9,8,1,8,42,0,0,1,0,1,0,0,1,0,0,0,0,0,1,0,0,0,0,0,0,1,0,0,1,0,0,0
34,629,27,2,4,95,3,1,2,2311,5711,2,0,15,0,4,0,9,3,3,3,2,1,2,43,0,0,1,0,1,0,0,0,0,1,0,0,1,0,0,0,0,0,0,0,1,0,0,0,0,1,0
43,1344,7,3,4,37,4,1,4,2089,5228,4,0,14,0,4,3,7,3,4,5,4,2,2,44,1,0,0,0,1,0,0,0,0,1,0,0,0,1,0,0,0,0,0,0,1,0,0,1,0,0,0
45,1195,2,2,1,65,2,4,4,16792,20462,9,0,23,1,4,1,22,1,3,20,8,11,8,45,1,0,0,0,1,0,0,0,0,1,0,0,0,1,0,0,0,1,0,0,0,0,0,0,1,0,0
37,290,21,3,2,65,4,1,1,3564,22977,1,1,12,0,1,1,8,3,2,8,7,1,7,46,0,0,1,0,1,0,0,1,0,0,0,0,0,1,0,0,0,0,0,0,1,0,0,0,1,0,0
42,926,21,2,3,36,3,2,3,5265,16439,2,0,16,0,2,1,11,5,3,5,3,0,2,47,1,0,0,0,1,0,0,0,0,1,0,0,1,0,0,0,0,0,1,0,0,0,0,1,0,0,0
38,1261,2,4,4,88,3,2,3,6553,7259,9,0,14,0,2,0,14,3,3,1,0,0,0,48,0,0,1,0,1,0,0,1,0,0,0,0,0,1,0,0,0,0,1,0,0,0,0,0,1,0,0
27,472,1,1,3,60,2,2,1,4298,9679,5,0,19,0,3,1,6,1,3,2,2,2,0,49,0,1,0,0,1,0,0,0,0,0,0,1,0,1,0,0,0,0,1,0,0,0,0,0,1,0,0
29,121,27,3,2,35,3,3,4,7639,24525,1,0,22,1,4,3,10,3,2,10,4,1,9,50,0,0,1,0,0,1,0,0,1,0,0,0,1,0,0,0,0,0,0,0,0,1,0,0,1,0,0
30,829,1,1,3,88,2,3,3,8474,20925,1,0,22,1,3,0,12,2,3,11,8,5,8,51,1,0,0,0,1,0,0,1,0,0,0,0,0,1,0,0,0,0,1,0,0,0,0,0,0,1,0
51,1469,8,4,2,81,2,3,2,12490,15736,5,0,16,0,4,2,16,5,1,10,9,4,7,52,0,0,1,0,1,0,0,1,0,0,0,0,0,1,0,0,0,0,0,1,0,0,0,0,1,0,0
30,1005,3,3,4,88,3,1,1,2657,8556,5,1,11,0,3,0,8,5,3,5,2,0,4,53,0,0,1,0,1,0,0,0,0,0,0,1,1,0,0,0,0,0,0,0,1,0,0,0,0,1,0
30,334,26,4,3,52,2,2,1,6696,22967,5,0,15,0,3,0,9,5,2,6,3,0,1,54,0,1,0,0,0,1,0,0,1,0,0,0,1,0,0,0,0,0,0,0,0,1,0,0,0,1,0
29,992,1,3,3,85,3,1,3,2058,19757,0,0,14,0,4,0,7,1,2,6,2,1,5,55,0,0,1,0,1,0,0,0,0,0,0,1,0,1,0,0,0,0,0,0,1,0,0,0,0,1,0
45,1052,6,3,4,57,2,3,4,8865,16840,6,0,12,0,4,0,23,2,3,19,7,12,8,56,1,0,0,0,0,1,0,0,0,1,0,0,1,0,0,0,0,0,0,0,0,1,0,0,0,1,0
36,1396,5,2,4,62,3,2,2,5914,9945,8,0,16,0,4,0,16,3,4,13,11,3,7,57,0,0,1,0,1,0,0,1,0,0,0,0,0,1,0,0,1,0,0,0,0,0,0,0,0,1,0
59,142,3,3,3,70,2,1,4,2177,8456,3,0,17,0,1,1,7,6,3,1,0,0,0,58,0,0,1,0,1,0,0,1,0,0,0,0,0,1,0,0,0,0,0,0,1,0,0,0,1,0,0
29,1413,1,1,2,42,3,3,4,7918,6599,1,0,14,0,4,1,11,5,3,11,10,4,1,59,0,1,0,0,0,1,0,0,0,1,0,0,1,0,0,0,0,0,0,0,0,1,0,0,1,0,0
52,1323,2,3,3,89,2,1,4,3212,3300,7,0,15,0,2,0,6,3,2,2,2,2,2,60,0,0,1,0,1,0,0,1,0,0,0,0,1,0,0,0,1,0,0,0,0,0,0,0,0,1,0
42,532,4,2,3,58,3,5,4,19232,4933,1,0,11,0,4,0,22,3,3,22,17,11,15,61,0,0,1,0,1,0,0,0,0,0,0,1,0,1,0,0,0,1,0,0,0,0,0,0,1,0,0
50,854,1,4,4,68,3,5,4,19517,24118,3,0,11,0,3,1,32,3,2,7,0,0,6,62,0,0,1,0,0,1,0,0,0,1,0,0,1,0,0,0,0,1,0,0,0,0,0,1,0,0,0
43,1034,16,3,4,80,3,4,4,16064,7744,5,1,22,1,3,1,22,3,3,17,13,1,9,63,0,0,1,0,0,1,0,0,1,0,0,0,1,0,0,0,0,1,0,0,0,0,0,0,1,0,0
32,976,26,4,3,100,3,2,4,4465,12069,0,0,18,0,1,0,4,2,3,3,2,2,2,64,1,0,0,0,0,1,0,0,1,0,0,0,0,1,0,0,0,0,0,0,0,1,0,0,1,0,0
45,252,1,3,3,70,4,5,4,19202,15970,0,0,11,0,3,1,25,2,3,24,0,1,7,65,0,0,1,0,1,0,0,0,0,0,1,0,0,1,0,0,0,1,0,0,0,0,0,0,1,0,0
45,1199,7,4,1,77,4,2,3,6434,5118,4,0,17,0,4,1,9,1,3,3,2,0,2,66,0,1,0,0,1,0,0,1,0,0,0,0,0,1,0,0,0,0,1,0,0,0,0,0,1,0,0
37,504,10,3,1,61,3,3,3,10048,22573,6,0,11,0,2,2,17,5,3,1,0,0,0,67,0,1,0,0,1,0,0,0,0,1,0,0,0,1,0,0,0,0,1,0,0,0,0,1,0,0,0
51,833,1,3,3,96,3,1,4,2723,23231,1,0,11,0,2,0,1,0,2,1,0,0,0,68,0,0,1,0,1,0,0,1,0,0,0,0,0,1,0,0,0,0,0,0,1,0,0,0,1,0,0
28,529,2,4,1,79,3,1,3,3485,14935,2,0,11,0,3,0,5,5,1,0,0,0,0,69,0,0,1,0,1,0,0,1,0,0,0,0,0,1,0,0,1,0,0,0,0,0,0,0,0,1,0
35,1315,22,3,2,71,4,3,2,11996,19100,7,0,18,0,2,1,10,6,2,7,7,6,2,70,0,0,1,0,1,0,0,1,0,0,0,0,1,0,0,0,0,1,0,0,0,0,0,1,0,0,0
53,1070,3,4,3,45,3,4,3,17584,21016,3,1,16,0,4,3,21,5,2,5,3,1,3,71,0,0,1,0,1,0,0,0,0,1,0,0,0,1,0,0,0,0,0,1,0,0,0,0,1,0,0
26,1449,16,4,1,45,3,1,2,2373,14180,2,1,13,0,4,1,5,2,3,3,2,0,2,72,0,0,1,0,1,0,0,0,0,1,0,0,0,1,0,0,1,0,0,0,0,0,0,1,0,0,0
36,506,3,3,3,30,3,2,2,4485,26285,4,0,12,0,4,0,10,2,3,8,0,7,7,73,0,0,1,0,1,0,0,0,0,0,0,1,0,1,0,0,0,0,0,0,1,0,0,0,0,1,0
31,444,5,3,4,84,3,1,2,2789,3909,1,0,11,0,3,1,2,5,2,2,2,2,2,74,0,1,0,0,0,1,0,0,1,0,0,0,1,0,0,0,0,0,0,0,0,0,1,1,0,0,0
18,230,3,3,3,54,3,1,3,1420,25233,1,0,13,0,3,0,0,2,3,0,0,0,0,75,0,0,1,0,1,0,0,1,0,0,0,0,0,1,0,0,1,0,0,0,0,0,0,0,0,1,0
18,812,10,3,4,69,2,1,3,1200,9724,1,0,12,0,1,0,0,2,3,0,0,0,0,76,0,0,1,0,0,1,0,0,0,1,0,0,1,0,0,0,0,0,0,0,0,0,1,0,0,1,0
31,218,7,3,2,100,4,2,4,6929,12241,4,0,11,0,2,1,10,3,2,8,7,7,7,77,0,0,1,0,0,1,0,0,0,0,0,1,0,1,0,0,0,0,0,0,0,1,0,0,1,0,0
31,192,2,4,3,32,3,1,4,2695,7747,0,1,18,0,2,1,3,2,1,2,2,2,2,78,0,0,1,0,1,0,0,1,0,0,0,0,0,1,0,0,0,0,0,0,1,0,0,1,0,0,0
39,117,10,1,3,99,3,4,1,17068,5355,1,1,14,0,4,0,21,3,3,21,9,11,10,79,0,0,1,0,1,0,0,0,0,1,0,0,0,1,0,0,0,1,0,0,0,0,0,0,1,0,0
32,588,8,2,3,65,2,2,2,5228,24624,1,1,11,0,4,0,13,2,3,13,12,11,9,80,0,0,1,0,0,1,0,0,0,0,0,1,1,0,0,0,0,0,0,0,0,1,0,0,1,0,0
31,691,7,3,4,73,3,2,4,7547,7143,4,0,12,0,4,3,13,3,3,7,7,1,7,81,0,0,1,0,0,1,0,0,1,0,0,0,0,1,0,0,0,0,0,0,0,1,0,1,0,0,0
39,672,7,2,3,54,2,5,4,19272,21141,1,0,15,0,1,1,21,2,3,21,9,13,3,82,0,1,0,0,1,0,0,0,0,1,0,0,0,1,0,0,0,1,0,0,0,0,0,0,1,0,0
43,559,10,4,3,82,2,2,3,5257,6227,1,0,11,0,2,1,9,3,4,9,7,0,0,83,0,1,0,0,1,0,0,1,0,0,0,0,1,0,0,0,1,0,0,0,0,0,0,1,0,0,0
43,1001,7,3,3,43,3,3,1,9985,9262,8,0,16,0,1,1,10,1,2,1,0,0,0,84,0,0,1,0,1,0,0,1,0,0,0,0,1,0,1,0,0,0,0,0,0,0,0,0,1,0,0
31,1232,7,4,3,39,3,3,4,7143,25713,1,1,14,0,3,0,11,2,2,11,9,4,10,85,0,0,1,0,1,0,0,0,0,1,0,0,1,0,0,0,0,0,1,0,0,0,0,0,0,1,0
29,144,10,1,4,39,2,2,2,8268,11866,1,1,14,0,1,2,7,2,3,7,7,1,7,86,0,0,1,0,0,1,0,0,1,0,0,0,1,0,0,0,0,0,0,0,0,1,0,1,0,0,0
35,1296,5,4,3,62,3,3,2,8095,18264,0,0,13,0,4,0,17,5,3,16,6,0,13,87,0,0,1,0,1,0,0,0,0,0,0,1,0,1,0,0,0,0,1,0,0,0,0,0,0,1,0
23,1309,26,1,3,83,3,1,4,2904,16092,1,0,12,0,3,2,4,2,2,4,2,0,2,88,0,0,1,0,1,0,0,1,0,0,0,0,0,1,0,0,0,0,0,0,1,0,0,1,0,0,0
47,1309,4,1,2,99,3,2,3,2976,25751,3,0,19,0,1,0,5,3,3,0,0,0,0,89,0,1,0,0,0,1,0,0,0,1,0,0,0,1,0,0,0,0,0,0,0,0,1,0,0,1,0
30,641,25,2,4,85,3,2,3,4736,6069,7,1,12,0,2,1,4,2,4,2,2,2,2,90,1,0,0,0,0,1,0,0,0,0,0,1,1,0,0,0,0,0,0,0,0,1,0,0,1,0,0
57,593,1,4,4,88,3,2,3,6755,2967,2,0,11,0,3,0,15,2,3,3,2,1,2,91,0,0,1,0,1,0,0,0,0,1,0,0,0,1,1,0,0,0,0,0,0,0,0,0,1,0,0
40,1171,10,4,4,46,4,1,3,2213,22495,3,1,13,0,3,1,10,3,3,7,7,1,7,92,0,0,1,0,1,0,0,1,0,0,0,0,1,0,0,0,1,0,0,0,0,0,0,0,1,0,0
37,921,10,3,3,98,3,1,1,3452,17663,6,0,20,1,2,1,17,3,3,5,4,0,3,93,0,0,1,0,1,0,0,0,0,1,0,0,1,0,0,0,1,0,0,0,0,0,0,0,1,0,0
46,1144,7,4,3,30,3,2,3,5258,16044,2,0,14,0,3,0,7,2,4,1,0,0,0,94,1,0,0,0,1,0,0,0,0,1,0,0,1,0,0,0,0,0,1,0,0,0,0,0,1,0,0
31,408,9,4,3,42,2,1,2,2657,7551,0,1,16,0,4,0,3,5,3,2,2,2,2,95,0,0,1,0,1,0,0,1,0,0,0,0,0,1,0,0,0,0,0,0,1,0,0,0,0,1,0
35,755,9,4,3,97,2,2,2,6540,19394,9,0,19,0,3,0,10,5,3,1,1,0,0,96,0,0,1,0,1,0,0,1,0,0,0,0,0,1,1,0,0,0,0,0,0,0,0,0,0,1,0
55,1311,2,3,3,97,3,4,4,16659,23258,2,1,13,0,3,0,30,2,3,5,4,1,2,97,0,0,1,0,1,0,0,1,0,0,0,0,1,0,0,0,0,1,0,0,0,0,0,0,0,1,0
24,1371,10,4,4,77,3,2,3,4260,5915,1,1,12,0,4,1,5,2,4,5,2,0,3,98,0,0,1,0,0,1,0,0,1,0,0,0,1,0,0,0,0,0,0,0,0,1,0,1,0,0,0
26,575,3,1,3,73,3,1,1,3102,6582,0,0,22,1,3,0,7,2,3,6,4,0,4,99,0,1,0,0,1,0,0,0,0,0,0,1,0,1,0,0,0,0,0,0,1,0,0,0,0,1,0
36,164,2,2,2,61,2,3,3,7596,3809,1,0,13,0,2,2,10,2,3,10,9,9,0,100,0,0,1,0,0,1,0,0,0,1,0,0,0,1,0,0,0,0,0,0,0,1,0,0,1,0,0
30,464,4,3,3,40,3,1,4,2285,3427,9,1,23,1,3,0,3,4,3,1,0,0,0,101,0,1,0,0,1,0,0,0,0,0,0,1,0,1,0,0,0,0,0,0,1,0,0,0,0,1,0
37,1107,14,3,4,95,3,1,1,3034,26914,1,0,12,0,3,1,18,2,2,18,7,12,17,102,0,0,1,0,1,0,0,1,0,0,0,0,1,0,0,0,1,0,0,0,0,0,0,1,0,0,0
54,821,5,2,1,86,3,5,1,19406,8509,4,0,11,0,3,1,24,4,2,4,2,1,2,103,0,0,1,0,1,0,0,0,0,1,0,0,0,1,0,0,0,0,0,1,0,0,0,0,1,0,0
31,480,7,2,2,31,3,2,1,4306,4156,1,0,12,0,2,1,13,5,1,13,10,3,12,104,0,0,1,0,1,0,0,0,0,1,0,0,1,0,0,0,0,0,1,0,0,0,0,0,1,0,0
43,313,21,3,4,61,3,1,4,2258,15238,7,0,20,1,1,1,8,1,3,3,2,1,2,105,0,1,0,0,1,0,0,0,0,1,0,0,0,1,0,0,1,0,0,0,0,0,0,0,1,0,0
41,645,1,3,2,49,4,3,1,8392,19566,1,0,16,0,3,1,10,2,3,10,7,0,7,106,0,0,1,0,0,1,0,0,1,0,0,0,0,1,0,0,0,0,0,0,0,1,0,0,1,0,0
52,319,3,3,4,39,2,3,3,7969,19609,2,1,14,0,3,0,28,4,3,5,4,0,4,107,0,0,1,0,1,0,0,0,0,1,0,0,0,1,0,0,0,0,1,0,0,0,0,0,1,0,0
45,192,10,2,1,69,3,1,4,2654,9655,3,0,21,1,4,2,8,3,2,2,2,0,2,108,0,0,1,0,1,0,0,1,0,0,0,0,0,1,0,0,0,0,0,0,1,0,0,0,1,0,0
52,1490,4,2,4,30,3,4,4,16555,10310,2,0,13,0,4,0,31,2,1,5,2,1,4,109,0,0,1,0,1,0,0,1,0,0,0,0,1,0,0,0,0,1,0,0,0,0,0,0,1,0,0
42,1368,28,4,4,88,2,2,4,4523,4386,0,0,11,0,4,3,7,4,4,6,5,0,4,110,0,1,0,0,1,0,0,0,0,0,0,1,1,0,1,0,0,0,0,0,0,0,0,0,1,0,0
19,489,2,2,1,52,2,1,4,2564,18437,1,0,12,0,3,0,1,3,4,1,0,0,0,111,0,0,1,1,0,0,0,0,0,0,0,1,0,1,0,1,0,0,0,0,0,0,0,0,0,1,0
57,210,29,3,1,56,2,4,4,14118,22102,3,0,12,0,3,1,32,3,2,1,0,0,0,112,0,0,1,0,0,1,0,0,1,0,0,0,0,1,0,0,0,1,0,0,0,0,0,1,0,0,0
60,1499,28,3,3,80,2,3,1,10266,2845,4,0,19,0,4,0,22,5,4,18,13,13,11,113,0,1,0,0,0,1,0,0,1,0,0,0,1,0,0,0,0,0,0,0,0,1,0,0,1,0,0
47,983,2,2,1,65,3,2,4,5070,7389,5,0,13,0,3,3,20,2,3,5,0,0,4,114,0,0,1,0,1,0,0,0,0,1,0,0,1,0,0,0,0,0,1,0,0,0,0,1,0,0,0
35,144,22,3,4,46,1,1,3,4230,19225,0,0,15,0,3,0,6,2,3,5,4,4,3,115,0,0,1,0,1,0,0,1,0,0,0,0,0,1,0,0,1,0,0,0,0,0,0,0,0,1,0
54,548,8,4,3,42,3,2,3,3780,23428,7,0,11,0,3,0,19,3,3,1,0,0,0,116,0,0,1,0,1,0,0,1,0,0,0,0,1,0,0,0,1,0,0,0,0,0,0,0,0,1,0
46,1125,10,3,3,94,2,3,4,9071,11563,2,1,19,0,3,1,15,3,3,3,2,1,2,117,0,0,1,0,0,1,0,0,1,0,0,0,1,0,0,0,0,0,0,0,0,1,0,0,1,0,0
30,413,7,1,4,57,3,1,2,2983,18398,0,0,14,0,1,0,4,3,3,3,2,1,2,118,0,0,1,0,0,1,0,0,1,0,0,0,0,1,0,0,0,0,0,0,0,0,1,0,0,1,0
48,163,2,5,2,37,3,2,4,4051,19658,2,0,14,0,1,1,14,2,3,9,7,6,7,119,0,0,1,0,0,1,0,0,1,0,0,0,1,0,0,0,0,0,0,0,0,1,0,0,1,0,0
40,302,6,3,2,75,3,4,3,13237,20364,7,0,15,0,3,0,22,3,3,20,6,5,13,120,0,0,1,0,1,0,0,1,0,0,0,0,1,0,0,0,0,0,1,0,0,0,0,0,0,1,0
26,775,29,2,1,45,3,2,3,4306,4267,5,0,12,0,1,2,8,5,3,0,0,0,0,121,0,0,1,0,0,1,0,0,0,1,0,0,0,1,0,0,0,0,0,0,0,1,0,1,0,0,0
32,1474,11,4,4,60,4,2,3,4707,23914,8,0,12,0,4,0,6,2,3,4,2,1,2,122,1,0,0,0,0,1,0,0,0,0,1,0,0,1,0,0,0,0,0,0,0,1,0,0,1,0,0
38,1495,10,3,3,76,3,2,3,9824,22174,3,0,19,0,3,1,18,4,3,1,0,0,0,123,0,0,1,0,1,0,0,0,0,1,0,0,1,0,1,0,0,0,0,0,0,0,0,0,1,0,0
26,703,28,2,1,66,3,2,2,6272,7428,1,0,20,1,4,2,6,5,4,5,3,1,4,124,0,0,1,0,0,1,0,0,1,0,0,0,0,1,0,0,0,0,0,0,0,1,0,0,1,0,0
24,823,17,2,4,94,2,1,2,2127,9100,1,0,21,1,4,1,1,2,3,1,0,0,0,125,0,0,1,0,1,0,0,0,0,0,1,0,0,1,0,0,1,0,0,0,0,0,0,0,1,0,0
50,1246,3,3,1,99,3,5,2,18200,7999,1,0,11,0,3,1,32,2,3,32,5,10,7,126,0,1,0,1,0,0,0,0,0,1,0,0,0,1,0,0,0,1,0,0,0,0,0,0,1,0,0
24,1287,7,3,1,55,3,1,3,2886,14168,1,1,16,0,4,1,6,4,3,6,3,1,2,127,0,1,0,0,1,0,0,1,0,0,0,0,1,0,0,0,1,0,0,0,0,0,0,0,1,0,0
34,254,1,2,2,83,2,1,4,3622,22794,1,1,13,0,4,1,6,3,3,6,5,1,3,128,0,0,1,0,1,0,0,1,0,0,0,0,0,1,0,0,0,0,0,0,1,0,0,0,1,0,0
35,538,25,2,1,54,2,2,4,3681,14004,4,0,14,0,4,0,9,3,3,3,2,0,2,129,0,0,1,0,1,0,0,0,0,0,1,0,0,1,0,0,1,0,0,0,0,0,0,0,0,1,0
27,798,6,4,1,66,2,1,3,2187,5013,0,0,12,0,3,2,6,5,2,5,3,0,3,130,0,0,1,0,1,0,0,0,0,1,0,0,1,0,0,0,0,0,0,0,1,0,0,1,0,0,0
42,622,2,4,3,81,3,2,4,4089,5718,1,0,13,0,2,2,10,4,3,10,2,2,2,131,0,0,1,0,1,0,0,1,0,0,0,0,1,0,1,0,0,0,0,0,0,0,0,0,1,0,0
43,782,6,4,2,50,2,4,4,16627,2671,4,1,14,0,3,1,21,3,2,1,0,0,0,132,0,0,1,0,1,0,0,0,0,0,1,0,0,1,0,0,0,0,0,1,0,0,0,1,0,0,0
38,362,1,1,3,43,3,1,1,2619,14561,3,0,17,0,4,0,8,3,2,0,0,0,0,133,0,0,1,0,1,0,0,1,0,0,0,0,1,0,0,0,0,0,0,0,1,0,0,0,0,1,0
27,1420,2,1,3,85,3,1,1,3041,16346,0,0,11,0,2,1,5,3,3,4,3,0,2,134,0,0,1,0,0,1,0,0,1,0,0,0,0,1,0,0,0,0,0,0,0,0,1,1,0,0,0
22,604,6,1,1,69,3,1,3,2773,12145,0,0,20,1,4,0,3,3,3,2,2,2,2,135,0,0,1,0,1,0,0,0,0,1,0,0,0,1,0,0,0,0,0,0,1,0,0,0,1,0,0
33,1216,8,4,3,39,3,2,3,7104,20431,0,0,12,0,4,0,6,3,3,5,0,1,2,136,0,0,1,0,0,1,0,0,1,0,0,0,0,1,0,0,0,0,0,0,0,1,0,1,0,0,0
30,160,3,3,3,71,3,1,3,2083,22653,1,0,20,1,3,1,1,2,3,1,0,0,0,137,0,1,0,0,1,0,0,0,0,1,0,0,1,0,0,0,0,0,0,0,1,0,0,1,0,0,0
54,397,19,4,3,88,3,3,2,10725,6729,2,0,15,0,3,1,16,1,4,9,7,7,1,138,0,0,1,1,0,0,0,0,0,1,0,0,0,1,0,1,0,0,0,0,0,0,0,0,1,0,0
20,1362,10,1,4,32,3,1,3,1009,26999,1,1,11,0,4,0,1,5,3,1,0,1,1,139,0,0,1,0,1,0,0,0,0,1,0,0,0,1,0,0,0,0,0,0,1,0,0,0,0,1,0
35,727,3,3,3,41,2,1,3,1281,16900,1,0,18,0,3,2,1,3,3,1,0,0,0,140,1,0,0,0,1,0,0,1,0,0,0,0,0,1,0,0,1,0,0,0,0,0,0,0,1,0,0
38,243,7,4,4,46,2,2,4,4028,7791,0,0,20,1,1,0,8,2,3,7,7,0,5,141,0,0,1,0,0,1,0,0,1,0,0,0,1,0,0,0,0,0,0,0,0,1,0,0,0,1,0
48,817,2,1,2,56,4,2,2,8120,18597,3,0,12,0,4,0,12,3,3,2,2,2,2,142,0,0,1,0,0,1,0,0,1,0,0,0,0,1,0,0,0,0,0,0,0,1,0,0,1,0,0
27,1410,3,1,4,71,4,2,4,4647,16673,1,1,20,1,2,2,6,3,3,6,5,0,4,143,0,1,0,0,0,1,0,0,0,1,0,0,1,0,0,0,0,0,0,0,0,1,0,1,0,0,0
47,703,14,4,4,42,3,2,1,4960,11825,2,0,12,0,4,0,20,2,3,7,7,1,7,144,0,0,1,0,0,1,0,0,1,0,0,0,0,1,0,0,0,0,0,0,0,1,0,0,0,1,0
60,1179,16,4,1,84,3,2,1,5405,11924,8,0,14,0,4,0,10,1,3,2,2,2,2,145,0,0,1,0,0,1,0,0,1,0,0,0,0,1,0,0,0,0,0,0,0,1,0,0,0,1,0
30,501,27,5,3,99,3,2,4,5304,25275,7,0,23,1,4,1,10,2,2,8,7,7,7,146,0,0,1,0,0,1,0,0,1,0,0,0,0,1,0,0,0,0,0,0,0,1,0,1,0,0,0
53,346,6,3,4,86,3,2,4,2450,10919,2,0,17,0,4,0,19,4,3,2,2,2,2,147,0,0,1,0,1,0,0,1,0,0,0,0,0,1,0,0,1,0,0,0,0,0,0,0,0,1,0
34,167,8,5,2,32,3,2,1,5121,4187,3,0,14,0,3,1,7,3,3,0,0,0,0,148,0,0,1,0,1,0,0,1,0,0,0,0,1,0,0,0,0,0,1,0,0,0,0,1,0,0,0
47,719,27,2,2,77,4,2,3,6397,10339,4,1,12,0,4,0,8,2,3,5,4,1,3,149,0,1,0,0,0,1,0,1,0,0,0,0,1,0,0,0,0,0,0,0,0,1,0,0,0,1,0
34,304,2,3,4,60,3,2,4,6274,18686,1,0,22,1,3,0,6,5,3,6,5,1,4,150,0,0,1,0,0,1,0,0,0,0,1,0,0,1,0,0,0,0,0,0,0,1,0,0,0,1,0
29,657,27,3,2,66,3,2,3,4335,25549,4,0,12,0,1,1,11,3,2,8,7,1,1,151,0,0,1,0,1,0,0,0,0,1,0,0,1,0,1,0,0,0,0,0,0,0,0,0,1,0,0
26,1146,8,3,4,38,2,2,1,5326,3064,6,0,17,0,3,0,6,2,2,4,3,1,2,152,0,0,1,0,0,1,0,0,0,0,0,1,0,1,0,0,0,0,0,0,0,1,0,0,0,1,0
37,571,10,1,4,82,3,1,1,2782,19905,0,1,13,0,2,2,6,3,2,5,3,4,3,153,0,0,1,0,1,0,0,1,0,0,0,0,1,0,0,0,0,0,0,0,1,0,0,1,0,0,0
42,570,8,3,2,66,3,5,4,18430,16225,1,0,13,0,2,1,24,4,2,24,7,14,9,154,0,1,0,0,1,0,0,1,0,0,0,0,0,1,0,0,0,1,0,0,0,0,0,1,0,0,0
23,1243,6,3,3,63,4,1,1,1601,3445,1,1,21,1,3,2,1,2,3,0,0,0,0,155,0,0,1,0,1,0,0,1,0,0,0,0,0,1,0,0,1,0,0,0,0,0,0,0,1,0,0
33,213,7,3,3,49,3,3,3,11691,25995,0,0,11,0,4,0,14,3,4,13,9,3,7,156,0,0,1,0,1,0,0,0,0,1,0,0,0,1,0,0,0,0,0,1,0,0,0,0,1,0,0
33,118,16,3,1,69,3,2,1,5324,26507,5,0,15,0,3,0,6,3,3,3,2,0,2,157,0,0,1,0,0,1,0,0,1,0,0,0,1,0,0,0,0,0,0,0,0,1,0,0,0,1,0
58,286,2,4,4,31,3,5,2,19246,25761,7,1,12,0,4,0,40,2,3,31,15,13,8,158,0,0,1,0,1,0,0,1,0,0,0,0,0,1,0,0,0,0,0,1,0,0,0,0,0,1,0
35,1258,1,4,4,40,4,1,3,2506,13301,3,0,13,0,3,0,7,0,3,2,2,2,2,159,0,0,1,0,1,0,0,1,0,0,0,0,1,0,0,0,0,0,0,0,1,0,0,0,0,1,0
28,890,2,4,3,46,3,1,3,4382,16374,6,0,17,0,4,0,5,3,2,2,2,2,1,160,0,0,1,0,1,0,0,0,0,1,0,0,0,1,0,0,0,0,0,0,1,0,0,0,0,1,0
45,252,2,3,2,95,2,1,3,2274,6153,1,0,14,0,4,0,1,3,3,1,0,0,0,161,0,0,1,0,1,0,0,1,0,0,0,0,1,0,0,0,0,0,0,0,1,0,0,0,0,1,0
42,933,29,3,2,98,3,2,2,4434,11806,1,0,13,0,4,1,10,3,2,9,8,7,8,162,0,0,1,0,1,0,0,1,0,0,0,0,0,1,0,0,0,0,1,0,0,0,0,0,1,0,0
34,702,16,4,3,100,2,1,4,2553,8306,1,0,16,0,3,0,6,3,3,5,2,1,3,163,0,1,0,0,1,0,0,1,0,0,0,0,1,0,0,0,0,0,0,0,1,0,0,0,0,1,0
49,1184,11,3,3,43,3,3,4,7654,5860,1,0,18,0,1,2,9,3,4,9,8,7,7,164,0,0,1,0,0,1,0,0,1,0,0,0,1,0,0,0,0,0,0,0,0,1,0,0,1,0,0
44,625,4,3,4,50,3,2,2,5933,5197,9,0,12,0,4,0,10,2,2,5,2,2,3,165,0,0,1,0,1,0,0,0,0,1,0,0,0,1,1,0,0,0,0,0,0,0,0,0,0,1,0
35,607,9,3,4,66,2,3,3,10685,23457,1,1,20,1,2,1,17,2,3,17,14,5,15,166,0,0,1,0,1,0,0,1,0,0,0,0,1,0,0,0,0,0,1,0,0,0,0,0,1,0,0
32,379,5,2,2,48,3,2,2,6524,8891,1,0,14,0,4,1,10,3,3,10,8,5,3,167,0,1,0,0,0,1,0,1,0,0,0,0,0,1,0,0,0,0,0,0,0,1,0,0,1,0,0
42,1265,3,3,3,95,4,2,4,5231,23726,2,1,13,0,2,1,17,1,2,5,3,1,3,168,0,0,1,0,1,0,0,1,0,0,0,0,1,0,0,0,1,0,0,0,0,0,0,0,1,0,0
53,868,8,3,1,73,3,4,4,11836,22789,5,0,14,0,3,1,28,3,3,2,0,2,2,169,0,0,1,0,0,1,0,0,1,0,0,0,0,1,0,0,0,0,0,0,0,1,0,0,1,0,0
33,1075,3,2,4,57,3,1,2,2277,22650,3,1,11,0,3,1,7,4,4,4,3,0,3,170,0,0,1,1,0,0,1,0,0,0,0,0,0,1,0,1,0,0,0,0,0,0,0,1,0,0,0
29,1086,7,1,1,62,2,1,4,2532,6054,6,0,14,0,3,3,8,5,3,4,3,0,3,171,0,0,1,0,1,0,0,0,0,1,0,0,1,0,0,0,1,0,0,0,0,0,0,1,0,0,0
21,1427,18,1,4,65,3,1,4,2693,8870,1,0,19,0,1,0,1,3,2,1,0,0,0,172,0,0,1,0,1,0,0,0,0,0,1,0,1,0,0,0,0,0,0,0,1,0,0,0,0,1,0
28,995,9,3,3,77,3,1,3,2377,9834,5,0,18,0,2,1,6,2,3,2,2,2,2,173,0,0,1,0,1,0,0,0,0,1,0,0,1,0,0,0,0,0,0,0,1,0,0,1,0,0,0
31,154,7,4,2,41,2,1,3,2329,11737,3,0,15,0,2,0,13,2,4,7,7,5,2,174,0,0,1,0,0,1,0,1,0,0,0,0,0,1,0,0,0,0,0,0,0,0,1,0,1,0,0
35,1137,21,1,4,51,3,2,4,4014,19170,1,1,25,1,4,1,10,2,1,10,6,0,7,175,0,0,1,0,1,0,0,1,0,0,0,0,1,0,1,0,0,0,0,0,0,0,0,0,1,0,0
38,1333,1,3,4,80,3,3,1,13582,16292,1,0,13,0,2,1,15,3,3,15,12,5,11,176,0,0,1,0,1,0,0,0,0,0,0,1,1,0,0,0,0,0,0,1,0,0,0,0,1,0,0
40,658,10,4,1,67,2,3,2,9705,20652,2,0,12,0,2,1,11,2,2,1,0,0,0,177,0,0,1,0,0,1,0,0,1,0,0,0,0,1,0,0,0,0,0,0,0,1,0,1,0,0,0
26,1283,1,3,3,52,2,2,1,4294,11148,1,0,12,0,2,0,7,2,3,7,7,0,7,178,0,1,0,0,0,1,0,0,0,1,0,0,0,1,0,0,0,0,0,0,0,1,0,0,0,1,0
19,419,21,3,4,37,2,1,2,2121,9947,1,1,13,0,2,0,1,3,4,1,0,0,0,179,0,0,1,0,0,1,0,0,0,0,1,0,0,1,0,0,0,0,0,0,0,0,1,0,0,1,0
40,1479,24,3,2,100,4,4,2,13194,17071,4,1,16,0,4,0,22,2,2,1,0,0,0,180,1,0,0,0,0,1,0,1,0,0,0,0,1,0,0,0,0,0,0,0,0,1,0,0,0,1,0
36,1229,8,4,1,84,3,2,4,5079,25952,4,0,13,0,4,2,12,3,3,7,7,0,7,181,1,0,0,0,0,1,0,0,0,0,0,1,0,1,0,0,0,0,0,0,0,1,0,1,0,0,0
50,1126,1,2,4,66,3,4,4,17399,6615,9,0,22,1,3,1,32,1,2,5,4,1,3,182,0,0,1,0,1,0,0,0,0,1,0,0,0,1,0,0,0,0,0,1,0,0,0,1,0,0,0
33,827,1,4,3,84,4,2,2,5488,20161,1,1,13,0,1,1,6,2,3,6,5,1,2,183,0,1,0,0,1,0,0,0,0,0,1,0,1,0,1,0,0,0,0,0,0,0,0,0,1,0,0
47,955,4,2,4,83,3,2,4,4163,8571,1,1,17,0,3,0,9,0,3,9,0,0,7,184,0,0,1,0,0,1,0,1,0,0,0,0,1,0,0,0,0,0,0,0,0,1,0,0,0,1,0
30,138,22,3,1,48,3,1,3,2132,11539,4,1,11,0,2,0,7,2,3,5,2,0,1,185,0,0,1,0,1,0,0,1,0,0,0,0,1,0,0,0,0,0,0,0,1,0,0,0,1,0,0
24,1206,17,1,4,41,2,2,3,4377,24117,1,0,15,0,2,2,5,6,3,4,2,3,2,186,0,0,1,0,1,0,0,0,0,1,0,0,1,0,0,0,0,0,1,0,0,0,0,1,0,0,0
35,622,14,4,3,39,2,1,2,3743,10074,1,1,24,1,4,1,5,2,1,4,2,0,2,187,0,0,1,0,1,0,0,0,0,0,1,0,0,1,0,0,1,0,0,0,0,0,0,1,0,0,0
31,853,1,1,3,96,3,2,1,4148,11275,1,0,12,0,3,1,4,1,3,4,3,0,3,188,0,1,0,0,1,0,0,1,0,0,0,0,1,0,0,0,0,0,1,0,0,0,0,0,1,0,0
35,583,25,4,3,57,3,3,3,10388,6975,1,1,11,0,3,1,16,3,2,16,10,10,1,189,0,0,1,0,1,0,0,0,0,1,0,0,1,0,1,0,0,0,0,0,0,0,0,1,0,0,0
30,109,5,3,2,60,3,1,2,2422,25725,0,0,17,0,1,0,4,3,3,3,2,1,2,190,0,1,0,0,1,0,0,0,0,1,0,0,1,0,0,0,1,0,0,0,0,0,0,0,0,1,0
48,277,6,3,1,97,2,2,3,4240,13119,2,0,13,0,4,0,19,0,3,2,2,2,2,191,0,0,1,0,1,0,0,1,0,0,0,0,0,1,1,0,0,0,0,0,0,0,0,0,0,1,0
27,1055,2,4,1,47,3,2,4,4227,4658,0,0,18,0,2,1,4,2,3,3,2,2,2,192,0,0,1,0,1,0,0,1,0,0,0,0,1,0,0,0,0,0,1,0,0,0,0,0,1,0,0
55,135,18,4,3,62,3,2,2,6385,12992,3,1,14,0,4,2,17,3,3,8,7,6,7,193,0,1,0,0,1,0,0,0,0,1,0,0,0,1,1,0,0,0,0,0,0,0,0,0,1,0,0
36,660,15,3,1,81,3,2,3,4834,7858,7,0,14,0,2,1,9,3,2,1,0,0,0,194,0,0,1,0,1,0,0,0,0,0,1,0,0,1,0,0,1,0,0,0,0,0,0,1,0,0,0
28,1144,10,1,4,74,3,1,2,1052,23384,1,0,22,1,2,0,1,5,3,1,0,0,0,195,0,0,1,0,0,1,0,0,0,1,0,0,0,1,0,0,0,0,0,0,0,0,1,0,1,0,0
38,1186,3,4,3,44,3,1,3,2821,2997,3,0,16,0,1,1,8,2,3,2,2,2,2,196,0,1,0,0,1,0,0,0,0,0,1,0,0,1,0,0,0,0,0,0,1,0,0,0,1,0,0
50,1464,2,4,2,62,3,5,3,19237,12853,2,1,11,0,4,1,29,2,2,8,1,7,7,197,0,0,1,0,1,0,0,0,0,1,0,0,0,1,0,0,0,0,0,1,0,0,0,0,1,0,0
37,124,3,3,4,35,3,2,2,4107,13848,3,0,15,0,1,0,8,3,2,4,3,0,1,198,0,0,1,0,1,0,0,0,0,0,1,0,1,0,1,0,0,0,0,0,0,0,0,0,0,1,0
46,430,1,4,4,40,3,5,4,19627,21445,9,0,17,0,4,2,23,0,3,2,2,2,2,199,0,0,1,0,1,0,0,0,0,1,0,0,0,1,0,0,0,0,0,1,0,0,0,1,0,0,0
26,192,1,2,1,59,2,1,1,3955,11141,1,0,16,0,1,2,6,2,3,5,3,1,3,200,0,0,1,0,1,0,0,0,0,1,0,0,0,1,0,0,1,0,0,0,0,0,0,0,1,0,0
41,509,7,2,2,43,4,1,3,3376,18863,1,0,13,0,3,0,10,3,3,10,6,0,8,201,0,0,1,0,1,0,0,0,0,0,0,1,1,0,0,0,0,0,0,0,1,0,0,0,1,0,0
55,1091,2,1,4,65,3,3,2,10976,15813,3,0,18,0,2,1,23,4,3,3,2,1,2,202,0,1,0,0,1,0,0,1,0,0,0,0,0,1,0,0,0,0,1,0,0,0,0,0,1,0,0
33,827,29,4,1,54,2,2,3,4508,3129,1,0,22,1,2,0,14,4,3,13,7,3,8,203,0,1,0,0,1,0,0,0,0,1,0,0,1,0,0,0,0,0,0,0,1,0,0,0,0,1,0
28,895,15,2,1,50,3,1,3,2207,22482,1,0,16,0,4,1,4,5,2,4,2,2,2,204,0,0,1,0,1,0,0,1,0,0,0,0,0,1,0,0,1,0,0,0,0,0,0,1,0,0,0
25,1219,4,1,4,32,3,1,4,3691,4605,1,1,15,0,2,1,7,3,4,7,7,5,6,205,0,0,1,0,1,0,0,0,0,0,0,1,0,1,0,0,1,0,0,0,0,0,0,0,1,0,0
28,1009,1,3,1,45,2,1,2,2596,7160,1,0,15,0,1,2,1,2,3,1,0,0,0,206,0,1,0,0,1,0,0,0,0,1,0,0,0,1,0,0,1,0,0,0,0,0,0,1,0,0,0
33,970,7,3,4,30,3,2,2,4302,13401,0,0,17,0,3,1,4,3,3,3,2,0,2,207,0,1,0,0,0,1,0,1,0,0,0,0,1,0,0,0,0,0,0,0,0,1,0,0,1,0,0
48,1262,1,4,1,35,4,4,4,16885,16154,2,0,22,1,3,0,27,3,2,5,4,2,1,208,1,0,0,0,1,0,0,0,0,1,0,0,0,1,0,0,0,1,0,0,0,0,0,0,0,1,0
45,1050,9,4,2,65,2,2,3,5593,17970,1,0,13,0,4,1,15,2,3,15,10,4,12,209,1,0,0,0,0,1,0,1,0,0,0,0,1,0,0,0,0,0,0,0,0,1,0,0,1,0,0
52,994,7,4,2,87,3,3,2,10445,15322,7,0,19,0,4,0,18,4,3,8,6,4,0,210,0,0,1,0,1,0,0,1,0,0,0,0,0,1,1,0,0,0,0,0,0,0,0,0,0,1,0
46,406,3,1,1,52,3,4,3,17465,15596,3,0,12,0,4,1,23,3,3,12,9,4,9,211,0,0,1,0,0,1,0,0,1,0,0,0,0,1,0,0,0,1,0,0,0,0,0,0,1,0,0
38,130,2,2,4,32,3,3,2,7351,20619,7,0,16,0,3,0,10,2,3,1,0,0,0,212,0,0,1,0,0,1,0,0,1,0,0,0,0,1,0,0,0,0,0,0,0,1,0,0,0,1,0
28,1451,2,1,1,67,2,1,2,3201,19911,0,0,17,0,1,0,6,2,1,5,3,0,4,213,0,0,1,0,1,0,0,1,0,0,0,0,0,1,0,0,0,0,0,0,1,0,0,0,1,0,0
34,1003,2,2,4,95,3,2,3,4033,15834,2,0,11,0,4,0,5,3,2,3,2,0,2,214,0,1,0,0,1,0,0,1,0,0,0,0,0,1,0,0,0,0,1,0,0,0,0,0,0,1,0
29,718,8,1,2,79,2,2,4,5056,17689,1,1,15,0,3,1,10,2,2,10,7,1,2,215,0,0,1,0,1,0,0,0,0,1,0,0,0,1,0,0,0,0,1,0,0,0,0,0,1,0,0
29,408,23,1,4,45,2,3,1,7336,11162,1,0,13,0,1,1,11,3,1,11,8,3,10,216,0,0,1,0,0,1,0,1,0,0,0,0,1,0,0,0,0,0,0,0,0,1,0,0,1,0,0
28,1485,12,1,3,79,3,1,4,2515,22955,1,1,11,0,4,0,1,4,2,1,1,0,0,217,0,0,1,0,1,0,0,1,0,0,0,0,1,0,0,0,1,0,0,0,0,0,0,0,1,0,0
40,902,26,2,3,92,2,2,4,4422,21203,3,1,13,0,4,1,16,3,1,1,1,0,0,218,0,1,0,0,1,0,0,0,0,1,0,0,1,0,0,0,0,0,0,0,1,0,0,0,1,0,0
45,1457,7,3,1,83,3,1,3,4477,20100,4,1,19,0,3,1,7,2,2,3,2,0,2,219,0,0,1,0,1,0,0,0,0,1,0,0,1,0,0,0,0,0,0,0,1,0,0,0,1,0,0
53,1223,7,2,4,50,3,5,3,18606,18640,3,0,18,0,2,1,26,6,3,7,7,4,7,220,0,0,1,0,1,0,0,0,0,1,0,0,1,0,0,0,0,1,0,0,0,0,0,1,0,0,0
33,147,2,3,2,99,3,1,3,3600,8429,1,0,13,0,4,1,5,2,3,5,4,1,4,221,0,0,1,1,0,0,1,0,0,0,0,0,0,1,0,1,0,0,0,0,0,0,0,0,1,0,0
33,1146,25,3,2,82,3,2,3,4539,4905,1,0,12,0,1,1,10,3,2,10,7,0,1,222,0,1,0,0,0,1,0,0,0,1,0,0,1,0,0,0,0,0,0,0,0,1,0,0,1,0,0
60,696,7,4,2,52,4,2,4,5220,10893,0,1,18,0,2,1,12,3,3,11,7,1,9,223,0,0,1,0,0,1,0,0,1,0,0,0,0,1,0,0,0,0,0,0,0,1,0,1,0,0,0
33,117,9,3,1,60,3,1,4,2781,6311,0,0,13,0,2,1,15,5,3,14,10,4,10,224,0,0,1,0,1,0,0,0,0,1,0,0,0,1,0,0,0,0,0,0,1,0,0,0,1,0,0
30,1465,1,3,4,63,3,1,2,3579,9369,0,1,21,1,1,1,12,2,3,11,9,5,7,225,0,0,1,0,1,0,0,0,0,1,0,0,0,1,0,0,0,0,0,0,1,0,0,0,1,0,0
42,458,26,5,1,60,3,3,1,13191,23281,3,1,17,0,3,0,20,6,3,1,0,0,0,226,0,1,0,0,1,0,0,0,0,1,0,0,1,0,0,0,0,0,0,1,0,0,0,0,1,0,0
29,1010,1,3,1,97,3,1,4,3760,5598,1,0,15,0,1,3,3,5,3,3,2,1,2,227,0,0,1,0,1,0,0,1,0,0,0,0,1,0,0,0,0,0,0,0,1,0,0,1,0,0,0
31,1062,24,3,3,96,2,2,1,6812,17198,1,0,19,0,2,0,10,2,3,10,9,1,8,228,0,0,1,0,1,0,0,0,0,1,0,0,1,0,1,0,0,0,0,0,0,0,0,0,0,1,0
36,469,3,3,3,46,3,1,2,3692,9256,1,0,12,0,3,0,12,2,2,11,10,0,7,229,0,1,0,0,1,0,0,0,0,0,0,1,0,1,0,0,0,0,0,0,1,0,0,0,1,0,0
27,1167,4,2,1,76,3,1,3,2517,3208,1,0,11,0,2,3,5,2,3,5,3,0,3,230,0,0,1,0,1,0,0,1,0,0,0,0,0,1,0,0,0,0,0,0,1,0,0,1,0,0,0
33,536,10,5,4,82,4,3,3,8380,21708,0,1,14,0,4,2,10,3,3,9,8,0,8,231,0,0,1,0,0,1,0,0,1,0,0,0,0,1,0,0,0,0,0,0,0,1,0,1,0,0,0
23,373,1,2,4,47,3,1,3,1223,16901,1,0,22,1,4,1,1,2,3,1,0,0,1,232,0,0,1,0,1,0,0,1,0,0,0,0,0,1,0,0,0,0,0,0,1,0,0,0,1,0,0
36,325,10,4,4,63,3,3,3,7094,5747,3,0,12,0,1,0,10,0,3,7,7,1,7,233,0,0,1,0,1,0,0,0,0,0,0,1,1,0,1,0,0,0,0,0,0,0,0,0,1,0,0
31,587,2,4,4,57,3,3,3,9852,8935,1,1,19,0,1,1,10,5,2,10,8,9,6,234,1,0,0,0,0,1,0,1,0,0,0,0,1,0,0,0,0,0,0,0,0,1,0,1,0,0,0
44,935,3,3,1,89,3,1,1,2362,14669,4,0,12,0,3,0,10,4,4,3,2,1,2,235,0,0,1,0,1,0,0,1,0,0,0,0,0,1,0,0,1,0,0,0,0,0,0,0,1,0,0
41,1018,1,3,3,66,3,2,1,4103,4297,0,0,17,0,4,1,10,2,3,9,3,1,7,236,0,1,0,0,0,1,0,0,1,0,0,0,1,0,0,0,0,0,0,0,0,1,0,1,0,0,0
38,693,7,3,4,57,4,1,3,2610,15748,1,0,11,0,4,3,4,2,3,4,2,0,3,237,0,1,0,0,1,0,0,1,0,0,0,0,0,1,0,0,0,0,0,0,1,0,0,1,0,0,0
51,541,2,3,2,52,3,3,2,10596,15395,2,0,11,0,2,0,14,5,3,4,2,3,2,238,0,1,0,0,0,1,0,0,1,0,0,0,0,1,0,0,0,0,0,0,0,1,0,0,1,0,0
41,1200,22,3,4,75,3,2,4,5467,13953,3,1,14,0,1,2,12,4,2,6,2,3,3,239,0,1,0,0,1,0,0,1,0,0,0,0,1,0,0,0,0,0,0,0,1,0,0,1,0,0,0
32,499,2,1,3,36,3,2,2,4078,20497,0,1,13,0,1,3,4,3,2,3,2,1,2,240,0,0,1,0,0,1,0,0,1,0,0,0,0,1,0,0,0,0,0,0,0,1,0,0,1,0,0
25,1372,18,1,1,93,4,2,3,6232,12477,2,0,11,0,2,0,6,3,2,3,2,1,2,241,0,0,1,0,0,1,0,1,0,0,0,0,0,1,0,0,0,0,0,0,0,1,0,0,1,0,0
27,135,17,4,4,51,3,1,3,2394,25681,1,1,13,0,4,0,8,2,3,8,2,7,7,242,0,0,1,0,1,0,0,1,0,0,0,0,1,0,0,0,0,0,0,0,1,0,0,0,0,1,0
26,683,2,1,1,36,2,1,4,3904,4050,0,0,12,0,4,0,5,2,3,4,3,1,1,243,0,0,1,0,1,0,0,0,0,1,0,0,0,1,0,0,0,0,0,0,1,0,0,0,0,1,0
36,1174,3,4,1,99,3,2,2,9278,20763,3,1,16,0,4,0,15,3,3,5,4,0,1,244,0,0,1,0,0,1,0,0,1,0,0,0,1,0,0,0,0,0,0,0,0,1,0,0,0,1,0
34,560,1,4,4,91,3,1,1,2996,20284,5,0,14,0,3,2,10,2,3,4,3,1,3,245,0,1,0,0,1,0,0,0,0,0,1,0,0,1,0,0,0,0,0,0,1,0,0,1,0,0,0
27,1377,11,1,2,91,3,1,1,2099,7679,0,0,14,0,2,0,6,3,4,5,0,1,4,246,0,0,1,0,1,0,0,1,0,0,0,0,0,1,0,0,1,0,0,0,0,0,0,0,1,0,0
36,172,4,4,1,37,2,2,4,5810,22604,1,0,16,0,3,0,10,2,2,10,4,1,8,247,0,0,1,0,1,0,0,1,0,0,0,0,0,1,0,0,1,0,0,0,0,0,0,0,0,1,0
47,465,1,3,1,74,3,1,4,3420,10205,7,0,12,0,3,1,17,2,2,6,5,1,2,248,0,0,1,0,1,0,0,0,0,0,0,1,0,1,0,0,0,0,0,0,1,0,0,0,1,0,0
47,359,2,4,1,82,3,4,3,17169,26703,3,0,19,0,2,2,26,2,4,20,17,5,6,249,0,0,1,0,1,0,0,0,0,1,0,0,1,0,0,0,0,0,0,1,0,0,0,0,1,0,0
39,592,2,3,1,54,2,1,1,3646,17181,2,1,23,1,2,0,11,2,4,1,0,0,0,250,1,0,0,0,1,0,0,1,0,0,0,0,1,0,0,0,1,0,0,0,0,0,0,0,0,1,0
28,866,5,3,4,84,3,2,1,8463,23490,0,0,18,0,4,0,6,4,3,5,4,1,3,251,0,0,1,0,0,1,0,0,0,1,0,0,0,1,0,0,0,0,0,0,0,1,0,0,0,1,0
40,896,2,3,3,68,3,1,3,2345,8045,2,0,14,0,3,1,8,3,4,3,1,1,2,252,0,0,1,0,1,0,0,0,0,1,0,0,0,1,0,0,0,0,0,0,1,0,0,1,0,0,0
42,748,9,2,1,74,3,1,4,3673,16458,1,0,13,0,3,0,12,3,3,12,9,5,8,253,0,1,0,0,1,0,0,0,0,1,0,0,1,0,0,0,1,0,0,0,0,0,0,0,0,1,0
30,990,7,3,3,64,3,1,3,1274,7152,1,0,13,0,2,2,1,2,2,1,0,0,0,254,1,0,0,0,1,0,0,0,0,0,0,1,0,1,0,0,0,0,0,0,1,0,0,1,0,0,0
49,1490,7,4,3,35,3,3,2,10466,20948,3,0,14,0,2,2,29,3,3,8,7,0,7,255,0,0,1,0,1,0,0,1,0,0,0,0,0,1,1,0,0,0,0,0,0,0,0,1,0,0,0
35,660,7,1,4,76,3,1,3,2404,16192,1,0,13,0,1,1,1,3,3,1,0,0,0,256,0,0,1,0,0,1,0,1,0,0,0,0,0,1,0,0,0,0,0,0,0,0,1,0,1,0,0
47,571,14,3,3,78,3,2,3,4591,24200,3,1,17,0,3,1,11,4,2,5,4,1,2,257,0,0,1,0,0,1,0,0,0,1,0,0,1,0,0,0,0,0,0,0,0,1,0,0,1,0,0
39,1089,6,3,2,32,3,3,2,8376,9150,4,0,18,0,4,0,9,3,3,2,0,2,2,258,0,0,1,0,1,0,0,1,0,0,0,0,1,0,0,0,0,0,1,0,0,0,0,0,0,1,0
46,228,3,3,3,51,3,4,2,16606,11380,8,0,12,0,4,1,23,2,4,13,12,5,1,259,0,0,1,0,0,1,0,1,0,0,0,0,1,0,0,0,0,1,0,0,0,0,0,0,1,0,0
23,507,20,1,1,97,3,2,3,2272,24812,0,0,14,0,2,0,5,2,3,4,3,1,2,260,0,0,1,0,1,0,0,1,0,0,0,0,0,1,0,0,1,0,0,0,0,0,0,0,0,1,0
40,676,9,4,4,86,3,1,1,2018,21831,3,0,14,0,2,0,15,3,1,5,4,1,0,261,0,0,1,0,1,0,0,1,0,0,0,0,0,1,0,0,1,0,0,0,0,0,0,0,0,1,0
50,333,22,5,3,88,1,4,4,14411,24450,1,1,13,0,4,0,32,2,3,32,6,13,9,262,0,1,0,0,1,0,0,0,0,1,0,0,0,1,0,0,0,0,0,1,0,0,0,0,0,1,0
34,1440,7,2,2,55,3,1,3,2308,4944,0,1,25,1,2,1,12,4,3,11,10,5,7,263,0,0,1,0,0,1,0,0,0,0,0,1,0,1,0,0,0,0,0,0,0,0,1,0,1,0,0
42,1210,2,3,3,68,2,1,2,4841,24052,4,0,14,0,2,1,4,3,3,1,0,0,0,264,0,0,1,0,1,0,0,0,0,1,0,0,0,1,0,0,1,0,0,0,0,0,0,0,1,0,0
36,1157,2,4,3,70,3,1,4,2644,17001,3,1,21,1,4,0,7,3,2,3,2,1,2,265,0,0,1,0,0,1,0,1,0,0,0,0,0,1,0,0,0,0,0,0,0,0,1,0,0,1,0
30,740,1,3,2,64,2,2,1,9714,5323,1,0,11,0,4,1,10,4,3,10,8,6,7,266,0,0,1,0,0,1,0,1,0,0,0,0,0,1,0,0,0,0,0,0,0,1,0,0,1,0,0
38,888,10,4,3,71,3,2,3,6077,14814,3,0,11,0,3,0,10,2,3,6,3,1,2,267,0,1,0,1,0,0,1,0,0,0,0,0,0,1,0,1,0,0,0,0,0,0,0,0,1,0,0
32,1200,1,4,4,62,3,2,1,4087,25174,4,0,14,0,2,1,9,3,2,6,5,1,2,268,1,0,0,0,1,0,0,0,0,0,0,1,0,1,0,0,0,0,0,0,1,0,0,0,1,0,0
26,474,3,3,1,89,3,1,4,2061,11133,1,0,21,1,1,0,1,5,3,1,0,0,0,269,0,0,1,0,1,0,0,1,0,0,0,0,1,0,0,0,0,0,0,0,1,0,0,0,1,0,0
36,884,1,4,2,73,3,2,3,6815,21447,6,0,13,0,1,0,15,5,3,1,0,0,0,270,0,0,1,0,0,1,0,1,0,0,0,0,1,0,0,0,0,0,0,0,0,1,0,0,0,1,0
29,1370,3,1,2,87,3,1,1,4723,16213,1,1,18,0,4,0,10,3,3,10,9,1,5,271,0,0,1,0,1,0,0,0,0,1,0,0,0,1,0,0,1,0,0,0,0,0,0,0,0,1,0
35,670,10,4,1,51,3,2,3,6142,4223,3,1,16,0,3,0,10,4,3,5,2,0,4,272,0,0,1,0,1,0,0,0,0,1,0,0,1,0,1,0,0,0,0,0,0,0,0,0,0,1,0
36,1302,6,4,1,80,4,2,1,5562,19711,3,1,13,0,4,1,9,3,3,3,2,0,2,273,0,1,0,0,1,0,0,1,0,0,0,0,0,1,0,0,1,0,0,0,0,0,0,0,1,0,0
34,653,10,4,4,92,2,2,3,5063,15332,1,0,14,0,2,1,8,3,2,8,2,7,7,274,0,1,0,0,1,0,0,0,0,0,0,1,0,1,1,0,0,0,0,0,0,0,0,0,1,0,0
46,563,1,4,4,56,4,4,1,17567,3156,1,0,15,0,2,0,27,5,1,26,0,0,12,275,0,0,1,0,0,1,0,1,0,0,0,0,0,1,0,0,0,1,0,0,0,0,0,0,0,1,0
22,457,26,2,2,85,2,1,3,2814,10293,1,1,14,0,2,0,4,2,2,4,2,1,3,276,1,0,0,0,1,0,0,0,0,0,1,0,1,0,0,0,0,0,0,0,1,0,0,0,1,0,0
50,1234,20,5,2,41,3,4,3,11245,20689,2,1,15,0,3,1,32,3,3,30,8,12,13,277,0,1,0,0,1,0,0,0,0,1,0,0,0,1,1,0,0,0,0,0,0,0,0,0,1,0,0
30,241,7,3,2,48,2,1,2,2141,5348,1,0,12,0,2,1,6,3,2,6,4,1,1,278,0,0,1,0,1,0,0,0,0,1,0,0,0,1,0,0,0,0,0,0,1,0,0,0,1,0,0
34,426,10,4,3,42,4,2,4,4724,17000,1,0,13,0,1,1,9,3,3,9,7,7,2,279,0,1,0,0,1,0,0,1,0,0,0,0,0,1,0,0,0,0,1,0,0,0,0,1,0,0,0
27,1302,19,3,4,67,2,1,1,4066,16290,1,0,11,0,1,2,7,3,3,7,7,0,7,280,0,0,1,0,1,0,0,0,0,0,1,0,0,1,0,0,1,0,0,0,0,0,0,1,0,0,0
35,819,18,5,2,48,4,2,1,5208,26312,1,0,11,0,4,0,16,2,3,16,15,1,10,281,0,0,1,0,1,0,0,1,0,0,0,0,0,1,0,0,0,0,0,0,1,0,0,0,1,0,0
39,170,3,2,3,76,2,2,3,3069,10302,0,0,15,0,4,1,11,3,3,10,8,0,7,282,0,0,1,0,1,0,0,0,0,1,0,0,0,1,0,0,1,0,0,0,0,0,0,1,0,0,0
39,711,4,3,1,81,3,2,3,5042,3140,0,0,13,0,4,0,10,2,1,9,2,3,8,283,0,1,0,0,1,0,0,0,0,1,0,0,1,0,0,0,0,0,1,0,0,0,0,0,0,1,0
45,1329,2,2,4,59,2,2,4,5770,5388,1,0,19,0,1,2,10,3,3,10,7,3,9,284,0,0,1,0,1,0,0,0,0,0,1,0,1,0,0,0,0,0,1,0,0,0,0,1,0,0,0
35,737,10,3,4,55,2,3,1,10306,21530,9,0,17,0,3,0,15,3,3,13,12,6,0,285,0,0,1,0,0,1,0,0,0,1,0,0,0,1,0,0,0,0,0,0,0,1,0,0,1,0,0
27,486,8,3,2,86,4,1,3,3517,22490,7,0,17,0,1,0,5,0,3,3,2,0,2,286,0,0,1,0,1,0,0,0,0,1,0,0,1,0,0,0,0,0,0,0,1,0,0,0,1,0,0
49,301,22,4,1,72,3,4,2,16413,3498,3,0,16,0,2,2,27,2,3,4,2,1,2,287,0,0,1,0,1,0,0,0,0,0,1,0,1,0,0,0,0,0,0,1,0,0,0,0,1,0,0
50,813,17,5,4,50,2,3,1,13269,21981,5,0,15,0,3,3,19,3,3,14,11,1,11,288,0,0,1,0,1,0,0,1,0,0,0,0,1,0,0,0,0,0,0,1,0,0,0,1,0,0,0
34,1130,3,3,4,66,3,2,2,5433,19332,1,0,12,0,3,1,11,2,3,11,8,7,9,289,0,0,1,0,1,0,0,1,0,0,0,0,1,0,0,0,0,0,0,0,1,0,0,1,0,0,0
49,465,6,1,3,41,2,4,3,13966,11652,2,1,19,0,2,1,30,3,3,15,11,2,12,290,0,0,1,0,1,0,0,1,0,0,0,0,1,0,1,0,0,0,0,0,0,0,0,0,1,0,0
36,894,1,4,4,33,2,2,3,4374,15411,0,0,15,0,3,0,4,6,3,3,2,1,2,291,1,0,0,0,1,0,0,0,0,1,0,0,1,0,0,0,0,0,1,0,0,0,0,0,1,0,0
36,1040,3,2,4,79,4,2,1,6842,26308,6,0,20,1,1,1,13,3,3,5,4,0,4,292,0,0,1,0,1,0,0,1,0,0,0,0,0,1,1,0,0,0,0,0,0,0,0,1,0,0,0
54,584,22,5,2,91,3,4,3,17426,18685,3,0,25,1,3,1,36,6,3,10,8,4,7,293,0,0,1,0,1,0,0,0,0,1,0,0,1,0,0,0,0,1,0,0,0,0,0,0,1,0,0
29,991,5,3,1,43,2,2,2,4187,3356,1,1,13,0,2,1,10,3,2,10,0,0,9,294,0,0,1,0,0,1,0,0,0,1,0,0,0,1,0,0,0,0,0,0,0,1,0,1,0,0,0
33,392,2,4,4,93,3,2,4,5505,3921,1,0,14,0,3,2,6,5,3,6,2,0,4,295,0,0,1,0,0,1,0,0,0,1,0,0,0,1,0,0,0,0,0,0,0,1,0,1,0,0,0
32,977,2,3,4,45,3,2,2,5470,25518,0,0,13,0,3,2,10,4,2,9,5,1,6,296,0,0,1,0,1,0,0,0,0,1,0,0,0,1,0,0,0,0,0,0,1,0,0,1,0,0,0
31,1112,5,4,1,67,3,2,4,5476,22589,1,0,11,0,1,2,10,2,3,10,0,0,2,297,0,0,1,0,0,1,0,1,0,0,0,0,1,0,0,0,0,0,0,0,0,1,0,0,1,0,0
49,464,16,3,4,74,3,1,1,2587,24941,4,1,16,0,2,1,17,2,2,2,2,2,2,298,0,0,1,0,1,0,0,0,0,1,0,0,1,0,0,0,1,0,0,0,0,0,0,1,0,0,0
47,1225,2,4,2,47,4,4,2,15972,21086,6,0,14,0,3,3,29,2,3,3,2,1,2,299,0,0,1,0,0,1,0,1,0,0,0,0,1,0,0,0,0,1,0,0,0,0,0,1,0,0,0
49,809,1,3,3,36,3,4,3,15379,22384,4,0,14,0,1,0,23,2,3,8,7,0,0,300,0,0,1,0,1,0,0,1,0,0,0,0,0,1,0,0,0,1,0,0,0,0,0,0,0,1,0
20,727,9,1,4,54,3,1,1,2728,21082,1,0,11,0,1,0,2,3,3,2,2,0,2,301,0,0,1,0,0,1,0,1,0,0,0,0,0,1,0,0,0,0,0,0,0,0,1,0,0,1,0
36,1351,26,4,1,80,3,2,3,5347,7419,6,0,14,0,2,2,10,2,2,3,2,0,2,302,0,0,1,0,1,0,0,1,0,0,0,0,0,1,1,0,0,0,0,0,0,0,0,0,1,0,0
34,1157,5,2,2,57,2,2,4,3986,11912,1,0,14,0,3,1,15,3,4,15,10,4,13,303,0,0,1,0,1,0,0,0,0,1,0,0,0,1,0,0,1,0,0,0,0,0,0,0,1,0,0
29,1082,9,4,4,43,3,1,3,2974,25412,9,0,17,0,3,1,9,2,3,5,3,1,2,304,0,0,1,0,1,0,0,0,0,1,0,0,1,0,0,0,1,0,0,0,0,0,0,0,1,0,0
24,240,22,1,4,58,1,1,3,1555,11585,1,0,11,0,3,1,1,2,3,1,0,0,0,305,0,0,1,1,0,0,1,0,0,0,0,0,0,1,0,1,0,0,0,0,0,0,0,0,1,0,0
47,1093,9,3,3,82,1,4,3,12936,24164,7,0,11,0,3,0,25,3,1,23,5,14,10,306,0,1,0,0,0,1,0,1,0,0,0,0,0,1,0,0,0,0,0,0,0,1,0,0,1,0,0
45,1005,28,2,4,48,2,4,2,16704,17119,1,0,11,0,3,0,21,2,3,21,6,8,6,307,0,0,1,0,1,0,0,0,0,0,0,1,1,0,0,0,0,0,0,1,0,0,0,0,0,1,0
31,741,2,4,2,69,3,1,3,3477,18103,1,0,14,0,4,1,6,2,4,5,2,0,3,308,0,0,1,0,1,0,0,1,0,0,0,0,0,1,0,0,1,0,0,0,0,0,0,0,1,0,0
40,369,8,2,2,92,3,2,1,6516,5041,2,1,16,0,2,1,18,3,3,1,0,0,0,309,0,0,1,0,1,0,0,1,0,0,0,0,1,0,0,0,0,0,1,0,0,0,0,0,1,0,0
39,792,1,3,4,77,3,2,4,6472,8989,1,1,15,0,4,1,9,2,3,9,8,5,8,310,1,0,0,0,1,0,0,1,0,0,0,0,0,1,0,0,1,0,0,0,0,0,0,0,1,0,0
29,461,1,3,4,70,4,2,3,6294,23060,8,1,12,0,4,0,10,5,4,3,2,0,2,311,0,1,0,0,1,0,0,1,0,0,0,0,0,1,1,0,0,0,0,0,0,0,0,0,0,1,0
33,1283,2,3,4,62,3,2,2,5147,10697,8,0,15,0,4,0,13,2,2,11,7,1,7,312,1,0,0,0,0,1,0,0,1,0,0,0,1,0,0,0,0,0,0,0,0,1,0,0,0,1,0
38,594,2,2,3,75,2,1,2,2468,15963,4,0,14,0,2,1,9,4,2,6,1,0,5,313,0,1,0,0,1,0,0,0,0,1,0,0,1,0,0,0,1,0,0,0,0,0,0,0,1,0,0
53,661,1,4,1,60,2,4,3,12965,22308,4,1,20,1,4,3,27,2,2,3,2,0,2,314,1,0,0,0,1,0,0,0,0,1,0,0,1,0,0,0,0,0,1,0,0,0,0,0,1,0,0
34,511,3,2,4,32,1,2,4,6029,25353,5,0,12,0,1,0,6,3,3,2,2,2,2,315,0,0,1,0,0,1,0,1,0,0,0,0,1,0,0,0,0,0,0,0,0,1,0,0,0,1,0
21,337,7,1,2,31,3,1,2,2679,4567,1,0,13,0,2,0,1,3,3,1,0,1,0,316,0,0,1,0,0,1,0,0,1,0,0,0,0,1,0,0,0,0,0,0,0,0,1,0,0,1,0
22,1294,8,1,3,79,3,1,1,2398,15999,1,1,17,0,3,0,1,6,3,1,0,0,0,317,0,0,1,0,1,0,0,0,0,1,0,0,1,0,0,0,1,0,0,0,0,0,0,0,1,0,0
44,429,1,2,3,99,3,1,2,2342,11092,1,1,12,0,3,3,6,2,2,5,3,2,3,318,0,1,0,0,1,0,0,0,0,1,0,0,0,1,0,0,0,0,0,0,1,0,0,1,0,0,0
33,867,8,4,4,90,4,1,1,3143,6076,6,0,19,0,2,1,14,1,3,10,8,7,6,319,0,0,1,0,1,0,0,1,0,0,0,0,0,1,0,0,0,0,0,0,1,0,0,0,1,0,0
39,1253,10,1,3,65,3,3,3,13464,7914,7,0,21,1,3,0,9,3,3,4,3,2,2,320,0,0,1,0,1,0,0,0,0,1,0,0,0,1,0,0,0,0,0,1,0,0,0,0,0,1,0
40,616,2,2,3,99,3,1,1,3377,25605,4,0,17,0,4,1,7,5,2,4,3,0,2,321,0,0,1,0,1,0,0,1,0,0,0,0,1,0,0,0,1,0,0,0,0,0,0,0,1,0,0
38,1336,2,3,1,100,3,1,2,2592,7129,5,0,13,0,4,3,13,3,3,11,10,3,8,322,1,0,0,1,0,0,1,0,0,0,0,0,0,1,0,1,0,0,0,0,0,0,0,1,0,0,0
34,234,9,4,4,93,3,2,1,5346,6208,4,0,17,0,3,1,11,3,2,7,1,0,7,323,0,1,0,0,1,0,0,1,0,0,0,0,0,1,0,0,1,0,0,0,0,0,0,0,1,0,0
37,370,10,4,4,58,3,2,1,4213,4992,1,0,15,0,2,0,10,4,1,10,3,0,8,324,0,0,1,0,1,0,0,0,0,1,0,0,0,1,0,0,0,0,1,0,0,0,0,0,0,1,0
40,1194,1,3,3,52,3,2,4,6513,9060,4,0,17,0,4,1,12,3,3,5,3,0,3,325,0,0,1,0,1,0,0,1,0,0,0,0,1,0,1,0,0,0,0,0,0,0,0,1,0,0,0
34,810,8,2,2,92,4,2,3,6799,22128,1,0,21,1,3,2,10,5,3,10,8,4,8,326,0,0,1,0,0,1,0,0,0,0,0,1,0,1,0,0,0,0,0,0,0,1,0,0,1,0,0
47,1001,4,3,3,92,2,3,2,10333,19271,8,1,12,0,3,1,28,4,3,22,11,14,10,327,0,0,1,0,1,0,0,1,0,0,0,0,1,0,0,0,0,0,1,0,0,0,0,1,0,0,0
31,1125,7,4,1,68,3,3,1,9637,8277,2,0,14,0,4,2,9,3,3,3,2,2,2,328,0,1,0,0,0,1,0,0,1,0,0,0,1,0,0,0,0,0,0,0,0,1,0,0,1,0,0
38,723,2,4,2,77,1,2,4,5405,4244,2,1,20,1,1,2,20,4,2,4,2,0,3,329,0,0,1,0,0,1,0,0,1,0,0,0,1,0,0,0,0,0,0,0,0,0,1,0,1,0,0
26,572,10,3,3,46,3,2,4,4684,9125,1,0,13,0,1,0,5,4,3,5,3,1,2,330,0,0,1,0,0,1,0,0,0,1,0,0,0,1,0,0,0,0,0,0,0,1,0,0,0,1,0
58,1216,15,4,1,87,3,4,3,15787,21624,2,1,14,0,2,0,23,3,3,2,2,2,2,331,0,1,0,0,1,0,0,1,0,0,0,0,0,1,0,0,0,0,0,1,0,0,0,0,1,0,0
45,589,2,4,3,67,3,2,3,5154,19665,4,0,22,1,2,2,10,3,4,8,7,5,7,332,1,0,0,0,0,1,0,1,0,0,0,0,1,0,0,0,0,0,0,0,0,1,0,0,1,0,0
36,430,2,4,4,73,3,2,2,6962,19573,4,1,22,1,4,1,15,2,3,1,0,0,0,333,0,0,1,0,1,0,0,0,0,0,1,0,1,0,0,0,0,0,0,0,1,0,0,0,1,0,0
27,1297,5,2,4,53,3,1,4,2379,19826,0,1,14,0,3,0,6,3,2,5,4,0,2,334,0,1,0,0,1,0,0,1,0,0,0,0,1,0,0,0,1,0,0,0,0,0,0,0,0,1,0
46,1319,3,3,1,45,4,4,1,13225,7739,2,0,12,0,4,1,25,5,3,19,17,2,8,335,0,0,1,0,0,1,0,0,0,0,0,1,1,0,0,0,0,0,0,0,0,1,0,1,0,0,0
39,835,19,4,4,41,3,2,4,3902,5141,8,0,14,0,2,3,7,2,3,2,2,2,2,336,0,0,1,0,1,0,0,0,0,0,1,0,0,1,0,0,0,0,0,0,1,0,0,1,0,0,0
55,836,2,4,2,98,2,1,4,2662,7975,8,0,20,1,2,1,19,2,4,5,2,0,4,337,0,0,1,0,1,0,0,0,0,0,0,1,0,1,0,0,0,0,0,0,1,0,0,0,1,0,0
31,311,20,3,2,89,3,2,3,4197,18624,1,0,11,0,1,1,10,2,3,10,8,0,2,338,0,0,1,0,1,0,0,1,0,0,0,0,0,1,0,0,1,0,0,0,0,0,0,1,0,0,0
29,592,7,3,4,59,3,1,1,2062,19384,3,0,14,0,2,0,11,2,3,3,2,1,2,339,0,0,1,0,1,0,0,1,0,0,0,0,0,1,0,0,1,0,0,0,0,0,0,0,0,1,0
37,783,7,4,4,78,3,2,1,4284,13588,5,1,22,1,3,1,16,2,3,5,3,0,4,340,0,0,1,0,1,0,0,0,0,1,0,0,0,1,0,0,0,0,0,0,1,0,0,0,1,0,0
36,1213,2,1,2,94,2,2,4,3886,4223,1,0,21,1,4,0,10,2,2,10,1,0,8,341,0,1,0,1,0,0,1,0,0,0,0,0,0,1,0,1,0,0,0,0,0,0,0,0,0,1,0
40,1137,1,4,1,98,3,4,1,16823,18991,2,0,11,0,1,1,22,3,3,19,7,11,16,342,0,0,1,0,1,0,0,1,0,0,0,0,0,1,0,0,0,1,0,0,0,0,0,1,0,0,0
26,482,1,2,2,90,2,1,3,2933,14908,1,1,13,0,3,1,1,3,2,1,0,1,0,343,0,0,1,0,1,0,0,1,0,0,0,0,1,0,0,0,0,0,0,0,1,0,0,0,1,0,0
48,117,22,3,4,58,3,4,4,17174,2437,3,0,11,0,2,1,24,3,3,22,17,4,7,344,0,1,0,0,1,0,0,0,0,1,0,0,1,0,0,0,0,1,0,0,0,0,0,1,0,0,0
44,170,1,4,2,78,4,2,1,5033,9364,2,0,15,0,4,1,10,5,3,2,0,2,2,345,0,0,1,0,1,0,0,1,0,0,0,0,0,1,1,0,0,0,0,0,0,0,0,0,1,0,0
36,335,17,2,3,33,2,2,2,5507,16822,2,0,16,0,3,2,12,1,1,4,2,1,3,346,0,0,1,0,0,1,0,0,1,0,0,0,0,1,0,0,0,0,0,0,0,1,0,0,1,0,0
34,735,22,4,3,86,2,2,4,5747,26496,1,1,15,0,2,0,16,3,3,15,10,6,11,347,0,1,0,0,1,0,0,0,0,0,1,0,0,1,0,0,0,0,0,0,1,0,0,0,1,0,0
35,682,18,4,2,71,3,2,1,5561,15975,0,0,16,0,4,1,6,2,1,5,3,0,4,348,0,0,1,0,0,1,0,0,0,1,0,0,0,1,0,0,0,0,0,0,0,1,0,0,1,0,0
34,937,1,3,1,32,3,3,4,9888,6770,1,0,21,1,1,0,14,3,2,14,8,2,1,349,0,0,1,0,0,1,0,0,1,0,0,0,0,1,0,0,0,0,0,0,0,1,0,0,0,1,0
29,136,1,3,1,89,3,2,1,5373,6225,0,0,12,0,1,1,6,5,2,5,3,0,2,350,0,0,1,0,1,0,0,1,0,0,0,0,0,1,1,0,0,0,0,0,0,0,0,0,1,0,0
38,1404,1,3,1,59,2,1,1,2858,11473,4,0,14,0,1,0,20,3,2,1,0,0,0,351,0,0,1,0,0,1,0,1,0,0,0,0,0,1,0,0,0,0,0,0,0,0,1,0,0,1,0
35,1224,7,4,3,55,3,2,4,5204,13586,1,1,11,0,4,0,10,2,3,10,8,0,9,352,0,0,1,0,0,1,0,1,0,0,0,0,1,0,0,0,0,0,0,0,0,1,0,0,1,0,0
53,1168,24,4,1,66,3,3,1,10448,5843,6,1,13,0,2,0,15,2,2,2,2,2,2,353,0,0,1,0,0,1,0,1,0,0,0,0,0,1,0,0,0,0,0,0,0,1,0,0,0,1,0
42,335,23,2,4,37,2,2,3,4332,14811,1,0,12,0,4,0,20,2,3,20,9,3,7,354,1,0,0,0,1,0,0,1,0,0,0,0,0,1,0,0,0,0,0,0,1,0,0,0,0,1,0
24,771,1,2,2,45,2,2,3,4617,14120,1,0,12,0,2,0,4,2,2,4,3,1,2,355,0,0,1,0,1,0,0,1,0,0,0,0,0,1,1,0,0,0,0,0,0,0,0,0,0,1,0
38,508,6,4,1,72,2,2,3,5321,14284,2,0,11,0,4,1,10,1,3,8,3,7,7,356,0,1,0,0,1,0,0,1,0,0,0,0,0,1,0,0,0,0,1,0,0,0,0,0,1,0,0
41,642,1,3,4,76,3,1,4,2782,21412,3,0,22,1,1,1,12,3,3,5,3,1,0,357,0,0,1,0,1,0,0,1,0,0,0,0,0,1,0,0,0,0,0,0,1,0,0,0,1,0,0
33,501,15,2,2,95,3,2,4,4878,21653,0,1,13,0,1,1,10,6,3,9,7,8,1,358,0,0,1,0,1,0,0,0,0,1,0,0,1,0,1,0,0,0,0,0,0,0,0,0,1,0,0
40,543,1,4,1,83,3,1,4,2406,4060,8,0,19,0,3,2,8,3,2,1,0,0,0,359,0,0,1,0,1,0,0,1,0,0,0,0,0,1,0,0,1,0,0,0,0,0,0,0,1,0,0
32,801,1,4,3,48,3,3,4,10422,24032,1,0,19,0,3,2,14,3,3,14,10,5,7,360,0,0,1,0,0,1,0,0,1,0,0,0,1,0,0,0,0,0,0,0,0,1,0,0,1,0,0
52,585,29,4,1,40,3,1,4,3482,19788,2,0,15,0,2,2,16,3,2,9,8,0,0,361,1,0,0,0,0,1,0,1,0,0,0,0,0,1,0,0,0,0,0,0,0,0,1,1,0,0,0
56,667,1,4,3,57,3,2,3,6306,26236,1,0,21,1,1,1,13,2,2,13,12,1,9,362,1,0,0,0,1,0,0,1,0,0,0,0,0,1,1,0,0,0,0,0,0,0,0,1,0,0,0
56,310,7,2,4,72,3,1,3,2339,3666,8,0,11,0,4,1,14,4,1,10,9,9,8,363,0,0,1,0,1,0,0,0,0,0,0,1,0,1,0,0,1,0,0,0,0,0,0,0,1,0,0
34,704,28,3,4,95,2,2,3,6712,8978,1,0,21,1,4,2,8,2,3,8,7,1,7,364,0,0,1,0,0,1,0,0,1,0,0,0,1,0,0,0,0,0,0,0,0,1,0,0,1,0,0
41,930,3,3,3,57,2,2,2,8938,12227,2,0,11,0,3,1,14,5,3,5,4,0,4,365,0,0,1,0,0,1,0,1,0,0,0,0,0,1,0,0,0,0,0,0,0,1,0,1,0,0,0
45,374,20,3,4,50,3,2,3,4850,23333,8,0,15,0,3,0,8,3,3,5,3,0,1,366,0,0,1,0,0,1,0,1,0,0,0,0,1,0,0,0,0,0,0,0,0,1,0,0,0,1,0
29,468,28,4,4,73,2,1,1,3785,8489,1,0,14,0,2,0,5,3,1,5,4,0,4,367,0,0,1,0,1,0,0,0,0,1,0,0,1,0,0,0,0,0,0,0,1,0,0,0,0,1,0
50,410,28,3,4,39,2,3,1,10854,16586,4,1,13,0,2,1,20,3,3,3,2,2,0,368,0,0,1,0,0,1,0,0,1,0,0,0,0,1,0,0,0,0,0,0,0,1,0,1,0,0,0
34,628,8,3,2,82,4,2,3,4404,10228,2,0,12,0,1,0,6,3,4,4,3,1,2,369,0,0,1,0,1,0,0,0,0,1,0,0,0,1,0,0,1,0,0,0,0,0,0,0,1,0,0
